nose_x,nose_y,l_shoulder_x,l_shoulder_y,r_shoulder_x,r_shoulder_y,l_ear_x,l_ear_y,r_ear_x,r_ear_y,class
0.5166388154029846,0.38356906175613403,0.7643164992332458,0.8431382179260254,0.36868518590927124,0.8542898297309875,0.6100612282752991,0.36134469509124756,0.4659811556339264,0.3659294545650482,good
0.5117695331573486,0.38741520047187805,0.7650398015975952,0.8427314758300781,0.369052916765213,0.8549767732620239,0.6058156490325928,0.3616933524608612,0.46462658047676086,0.3680262565612793,good
0.5085614323616028,0.3917473554611206,0.7649325728416443,0.8414146900177002,0.36901843547821045,0.8563051223754883,0.6025820374488831,0.3621741533279419,0.4632103741168976,0.37103548645973206,good
0.5053543448448181,0.4036707878112793,0.7629744410514832,0.8402153253555298,0.3689546585083008,0.8567777276039124,0.5994182825088501,0.3634912669658661,0.4618908166885376,0.3747533857822418,good
0.5039533376693726,0.40513646602630615,0.7606019973754883,0.8387306928634644,0.3689022362232208,0.8568868637084961,0.5972932577133179,0.3642565608024597,0.4614371061325073,0.3755170702934265,good
0.5001367330551147,0.4108528792858124,0.7598902583122253,0.8385807275772095,0.3692781627178192,0.8548256754875183,0.5962160229682922,0.36677002906799316,0.4613793194293976,0.3780771493911743,good
0.49737924337387085,0.4126168191432953,0.7578564882278442,0.8384368419647217,0.370814710855484,0.8515241742134094,0.5952993035316467,0.36929190158843994,0.4614018499851227,0.37873515486717224,good
0.4979073405265808,0.4130416810512543,0.7574661374092102,0.8385088443756104,0.3710246682167053,0.8517134189605713,0.5955425500869751,0.3704666197299957,0.4610074460506439,0.38141539692878723,good
0.498313844203949,0.41593602299690247,0.757305383682251,0.8383948802947998,0.37094491720199585,0.8519979119300842,0.5956697463989258,0.37243762612342834,0.4605173170566559,0.383396178483963,good
0.49852317571640015,0.41644251346588135,0.7562246918678284,0.8383536338806152,0.3701173961162567,0.8526797890663147,0.5958454608917236,0.3733246624469757,0.46015670895576477,0.3836139142513275,good
0.498871773481369,0.41642263531684875,0.7557759881019592,0.8384481072425842,0.36856895685195923,0.8530812859535217,0.5954904556274414,0.37342751026153564,0.46006834506988525,0.3837581276893616,good
0.4990115761756897,0.42559295892715454,0.7556489109992981,0.838480532169342,0.36853471398353577,0.8532921075820923,0.5943648815155029,0.37512287497520447,0.45937663316726685,0.3905331492424011,good
0.49714571237564087,0.43170782923698425,0.7559307217597961,0.8394498825073242,0.3659202456474304,0.8568927049636841,0.5930349230766296,0.3777039647102356,0.45730870962142944,0.39543572068214417,good
0.49634891748428345,0.43184608221054077,0.7547764182090759,0.8401709198951721,0.3591092526912689,0.8586341738700867,0.5920594334602356,0.37895798683166504,0.45639148354530334,0.3955114781856537,good
0.49651846289634705,0.43246403336524963,0.7528688907623291,0.840787410736084,0.3527902364730835,0.8609619140625,0.5910338163375854,0.3798823058605194,0.4541061520576477,0.3959062099456787,good
0.4965922236442566,0.43206891417503357,0.7512168288230896,0.8407773375511169,0.3512030839920044,0.8638556003570557,0.5900080800056458,0.3800203800201416,0.4530273377895355,0.39675813913345337,good
0.496667742729187,0.43186700344085693,0.7491111755371094,0.8411383628845215,0.3493701219558716,0.8641448616981506,0.58963543176651,0.3800572454929352,0.452947735786438,0.3966752588748932,good
0.49825021624565125,0.42751777172088623,0.7477453947067261,0.8418022394180298,0.34978294372558594,0.8642836213111877,0.5896686315536499,0.38005802035331726,0.4530048966407776,0.39604994654655457,good
0.49827998876571655,0.42578840255737305,0.7470166683197021,0.841823399066925,0.34947827458381653,0.8648450374603271,0.5895398259162903,0.38005393743515015,0.4523959159851074,0.3959987759590149,good
0.4969049096107483,0.4192831814289093,0.745843231678009,0.841593325138092,0.34964606165885925,0.8648366332054138,0.5888117551803589,0.3792479932308197,0.45163974165916443,0.3954087793827057,good
0.4962647259235382,0.4202166497707367,0.7435382604598999,0.8419029712677002,0.34985384345054626,0.8649292588233948,0.587496817111969,0.3795558512210846,0.44919267296791077,0.39872047305107117,good
0.48526015877723694,0.421161025762558,0.7416809797286987,0.8419504761695862,0.3499632775783539,0.8648989200592041,0.5817466974258423,0.37956151366233826,0.4460698962211609,0.3988580107688904,good
0.4751462936401367,0.4259675443172455,0.7326691150665283,0.8398619890213013,0.34587427973747253,0.8639652132987976,0.5757143497467041,0.3801323175430298,0.4372933506965637,0.4006119668483734,good
0.4663196802139282,0.4292687177658081,0.7220363616943359,0.8391187191009521,0.3370468020439148,0.8637160062789917,0.562447726726532,0.3801438510417938,0.42625731229782104,0.4010787904262543,good
0.45047733187675476,0.4357076585292816,0.7087348699569702,0.8390433192253113,0.3270677328109741,0.8639269471168518,0.5488055944442749,0.3810822069644928,0.4148137867450714,0.4030059576034546,good
0.43494972586631775,0.4379788935184479,0.6925326585769653,0.8372856974601746,0.31808727979660034,0.8639199733734131,0.5343227386474609,0.38104158639907837,0.3968746066093445,0.40500134229660034,good
0.42254048585891724,0.4377908408641815,0.6808984875679016,0.8270213603973389,0.30927756428718567,0.8635002374649048,0.52218097448349,0.3805703818798065,0.3843146860599518,0.4051050841808319,good
0.4166715443134308,0.4377115070819855,0.675280749797821,0.8261306285858154,0.30411237478256226,0.8612355589866638,0.5144344568252563,0.3800930380821228,0.37589672207832336,0.4050900340080261,good
0.40797552466392517,0.43716511130332947,0.6673511266708374,0.8195945024490356,0.29748427867889404,0.8567952513694763,0.5068403482437134,0.3791443109512329,0.3648435175418854,0.4048384428024292,good
0.40206316113471985,0.43701544404029846,0.6647288799285889,0.8187110424041748,0.2871823310852051,0.85715252161026,0.5040213465690613,0.37909090518951416,0.3614416718482971,0.40467044711112976,good
0.399746298789978,0.43470126390457153,0.6652014255523682,0.8189437985420227,0.2830149233341217,0.863653302192688,0.5045080780982971,0.3773537576198578,0.35907232761383057,0.4032500088214874,good
0.3999917805194855,0.42658981680870056,0.6686035394668579,0.8188093900680542,0.28692278265953064,0.8675727248191833,0.5070033073425293,0.37478581070899963,0.36079102754592896,0.4008108377456665,good
0.4042019248008728,0.42326292395591736,0.6725919842720032,0.8197391033172607,0.2886006534099579,0.8690263032913208,0.5097703337669373,0.3736247420310974,0.36444079875946045,0.4001176059246063,good
0.40448856353759766,0.4169408679008484,0.6784194111824036,0.8204754590988159,0.29011356830596924,0.8692808151245117,0.5101686716079712,0.37107402086257935,0.3662984073162079,0.39527198672294617,good
0.4214659631252289,0.4140608012676239,0.6934279799461365,0.8280869722366333,0.2939392328262329,0.8667200207710266,0.5188084840774536,0.3699197769165039,0.379269540309906,0.390441358089447,good
0.4450920522212982,0.4108976721763611,0.7034109830856323,0.82887864112854,0.30868762731552124,0.8635908365249634,0.5402477979660034,0.3698361814022064,0.3975060284137726,0.38586583733558655,good
0.4727722406387329,0.4110535979270935,0.7249442934989929,0.8344123363494873,0.33220452070236206,0.861457347869873,0.567838728427887,0.3697453439235687,0.4214378595352173,0.3857221007347107,good
0.5002394914627075,0.40888094902038574,0.744113028049469,0.8418787717819214,0.3473549485206604,0.8605203032493591,0.5960472822189331,0.36998385190963745,0.44339415431022644,0.38436099886894226,good
0.525235116481781,0.4075773060321808,0.760486364364624,0.8492017388343811,0.3698028326034546,0.8550031185150146,0.6189800500869751,0.3700755536556244,0.46612557768821716,0.3818223476409912,good
0.5415577292442322,0.4076533019542694,0.7733199596405029,0.849391758441925,0.39383333921432495,0.8516029715538025,0.6353170275688171,0.3714958131313324,0.48618417978286743,0.381864458322525,good
0.5555676817893982,0.4127311706542969,0.7988290190696716,0.853620707988739,0.4157141149044037,0.8417761325836182,0.6515554785728455,0.3754566013813019,0.5015978217124939,0.3861362040042877,good
0.5696504712104797,0.4124166667461395,0.8060813546180725,0.8544774651527405,0.4180064797401428,0.8345412015914917,0.6670673489570618,0.375442236661911,0.5121962428092957,0.382047176361084,good
0.5796673893928528,0.41240254044532776,0.8089273571968079,0.8543638586997986,0.42685240507125854,0.8307616710662842,0.6746487021446228,0.375495046377182,0.5215263962745667,0.37974661588668823,good
0.5844666957855225,0.4153009355068207,0.8140135407447815,0.85133957862854,0.43765726685523987,0.8274344801902771,0.6803663969039917,0.37929612398147583,0.5284276008605957,0.379793256521225,good
0.5806626677513123,0.4155236780643463,0.81972336769104,0.8410991430282593,0.4349220395088196,0.8255967497825623,0.6820458769798279,0.38201746344566345,0.5330069661140442,0.37741801142692566,good
0.5735615491867065,0.41607654094696045,0.8148765563964844,0.838025689125061,0.4344349503517151,0.8253241181373596,0.6794230937957764,0.38528990745544434,0.5344282388687134,0.37627166509628296,good
0.5684124827384949,0.4182637929916382,0.8236267566680908,0.8484798073768616,0.43269282579421997,0.8254414200782776,0.673629879951477,0.3856368660926819,0.5346159338951111,0.3768206834793091,good
0.5708470940589905,0.41993558406829834,0.8193129301071167,0.8576921820640564,0.4283973276615143,0.8282856345176697,0.6709992289543152,0.3864103853702545,0.5315089821815491,0.3769645094871521,good
0.5684153437614441,0.4290684759616852,0.8170973658561707,0.8633876442909241,0.4278774857521057,0.8284354209899902,0.6682404279708862,0.38969725370407104,0.5279238224029541,0.38003087043762207,good
0.567633867263794,0.4329381287097931,0.8158876895904541,0.8649418354034424,0.4253711700439453,0.8385772705078125,0.6674710512161255,0.391761839389801,0.5253766775131226,0.3840094208717346,good
0.5641405582427979,0.4331219494342804,0.8133203387260437,0.8664751052856445,0.40886878967285156,0.8415282368659973,0.6641690135002136,0.39290347695350647,0.5246745347976685,0.3850989043712616,good
0.5612327456474304,0.43293294310569763,0.8122549057006836,0.869594931602478,0.40126267075538635,0.8517372608184814,0.6581067442893982,0.3929348886013031,0.5183805227279663,0.3871944844722748,good
0.5495460033416748,0.43743449449539185,0.8091104030609131,0.8703401684761047,0.39617711305618286,0.8553038239479065,0.648615837097168,0.3934406638145447,0.5090197324752808,0.3935168385505676,good
0.5384294986724854,0.4423937201499939,0.8027629256248474,0.8696215152740479,0.391034871339798,0.8617266416549683,0.6382661461830139,0.3938533365726471,0.4974055886268616,0.40374284982681274,good
0.5241752862930298,0.4511522650718689,0.7973321676254272,0.8690423369407654,0.3906012177467346,0.8611703515052795,0.6236021518707275,0.3939450681209564,0.4796521067619324,0.41498517990112305,good
0.5093295574188232,0.4553595781326294,0.7852259874343872,0.8610541224479675,0.3869395852088928,0.8606659173965454,0.6078786849975586,0.39349815249443054,0.46407443284988403,0.4191368520259857,good
0.49014875292778015,0.4549475312232971,0.7776121497154236,0.8568467497825623,0.38428446650505066,0.8607174158096313,0.5940783619880676,0.39207884669303894,0.4532431662082672,0.4200448989868164,good
0.4813859164714813,0.45729854702949524,0.7677291631698608,0.8493216633796692,0.37884074449539185,0.8645020127296448,0.5856846570968628,0.3914877772331238,0.4445546269416809,0.42380309104919434,good
0.4777645468711853,0.4585829973220825,0.7632333636283875,0.848713219165802,0.3727671802043915,0.8660377860069275,0.5805319547653198,0.390150785446167,0.4400251507759094,0.426590234041214,good
0.47526416182518005,0.45974647998809814,0.7628787159919739,0.8487719893455505,0.36827388405799866,0.8657764792442322,0.5783641338348389,0.389241099357605,0.43844306468963623,0.4281938374042511,good
0.4731553792953491,0.4596603810787201,0.7580583095550537,0.8494067192077637,0.3646368086338043,0.8650103807449341,0.5779913067817688,0.38916686177253723,0.43576616048812866,0.4282532036304474,good
0.46971628069877625,0.4598195254802704,0.7516434192657471,0.8503670692443848,0.36053887009620667,0.8648809790611267,0.5735809803009033,0.3892030417919159,0.434749573469162,0.42783981561660767,good
0.4686262011528015,0.45567524433135986,0.7404448390007019,0.8484543561935425,0.3579942584037781,0.8644292950630188,0.5721146464347839,0.38912147283554077,0.4362781345844269,0.42613276839256287,good
0.47112399339675903,0.4425632059574127,0.7417435050010681,0.8485062718391418,0.35923996567726135,0.8643670082092285,0.5744436383247375,0.38483619689941406,0.4380432963371277,0.41981324553489685,good
0.4720401167869568,0.43886199593544006,0.7434889674186707,0.8523187637329102,0.35906344652175903,0.8643152117729187,0.576695442199707,0.38487592339515686,0.43915680050849915,0.4170772135257721,good
0.4785531163215637,0.4371527433395386,0.7445891499519348,0.8526334762573242,0.3589494824409485,0.8643966317176819,0.5805872082710266,0.38619479537010193,0.4407289922237396,0.4158782958984375,good
0.49174395203590393,0.4417550265789032,0.7455819249153137,0.8566099405288696,0.3594106435775757,0.8643494248390198,0.5883142948150635,0.39440128207206726,0.4484905004501343,0.41672706604003906,good
0.5026336312294006,0.4425487816333771,0.7470750212669373,0.8584133982658386,0.36003559827804565,0.86603182554245,0.5954872369766235,0.39646023511886597,0.4570852816104889,0.4168095886707306,good
0.5128747224807739,0.4432843029499054,0.7515575289726257,0.8583025932312012,0.36426469683647156,0.8660128712654114,0.6025573015213013,0.39802318811416626,0.46439245343208313,0.41679781675338745,good
0.5189387202262878,0.4508097469806671,0.7584821581840515,0.8594202995300293,0.36769789457321167,0.867722749710083,0.6084316968917847,0.40091633796691895,0.46852385997772217,0.41900816559791565,good
0.526725709438324,0.45889341831207275,0.7644969820976257,0.8581146597862244,0.3763580620288849,0.8673468828201294,0.6147554516792297,0.4030696451663971,0.47402089834213257,0.41955381631851196,good
0.5275588035583496,0.4590473175048828,0.7705381512641907,0.8579540848731995,0.38492318987846375,0.8673170208930969,0.6167628169059753,0.40337231755256653,0.47599631547927856,0.419496089220047,good
0.5307674407958984,0.45894625782966614,0.7714070081710815,0.8575842380523682,0.38995370268821716,0.866139829158783,0.6212437152862549,0.40380859375,0.4793296158313751,0.4191678762435913,good
0.5338121056556702,0.45870453119277954,0.7740621566772461,0.8578191995620728,0.39288604259490967,0.8648629784584045,0.624920666217804,0.4038363993167877,0.481112003326416,0.41826480627059937,good
0.537940263748169,0.457934707403183,0.7772878408432007,0.8590214848518372,0.3968208134174347,0.8633792400360107,0.6285825967788696,0.4038968086242676,0.483615905046463,0.41744330525398254,good
0.5389030575752258,0.45782002806663513,0.7786683440208435,0.8604142069816589,0.3992317318916321,0.863332986831665,0.6291159391403198,0.4039451479911804,0.4853276312351227,0.41680747270584106,good
0.5406209230422974,0.45751920342445374,0.779811680316925,0.8608877062797546,0.3992396295070648,0.8638888001441956,0.6298223733901978,0.40374451875686646,0.48706573247909546,0.4161105751991272,good
0.5420762300491333,0.45591065287590027,0.7801558375358582,0.861048698425293,0.39880475401878357,0.8642503619194031,0.6308721303939819,0.40359610319137573,0.4892844557762146,0.41446036100387573,good
0.5429290533065796,0.4538060426712036,0.780018150806427,0.8610626459121704,0.39831608533859253,0.8693124651908875,0.6314312219619751,0.4035029411315918,0.48949897289276123,0.4136388301849365,good
0.545410692691803,0.4507809579372406,0.7798678874969482,0.8598387241363525,0.39820554852485657,0.8692531585693359,0.6321610808372498,0.4034776985645294,0.48922303318977356,0.4124240279197693,good
0.5448892712593079,0.44128331542015076,0.7797810435295105,0.8582906126976013,0.397882342338562,0.8692638278007507,0.6322085857391357,0.4026557505130768,0.4893723130226135,0.40933868288993835,good
0.5445097088813782,0.4352870583534241,0.7796825766563416,0.8565184473991394,0.39691871404647827,0.869714617729187,0.6319591403007507,0.4024101197719574,0.4893529713153839,0.4072180688381195,good
0.5411065816879272,0.4334610402584076,0.7796620726585388,0.8564360737800598,0.3966369032859802,0.8702648878097534,0.6310828328132629,0.4020605981349945,0.4892020523548126,0.4061225354671478,good
0.5366489887237549,0.4335482120513916,0.7795644402503967,0.8563002943992615,0.3973490595817566,0.8700058460235596,0.6289873719215393,0.4017222225666046,0.4888158440589905,0.4060393273830414,good
0.5350006222724915,0.43618619441986084,0.7793890833854675,0.8561433553695679,0.3973001539707184,0.8704463243484497,0.6268231272697449,0.40184375643730164,0.48807212710380554,0.4071353077888489,good
0.5333805680274963,0.43723222613334656,0.7780573964118958,0.8561492562294006,0.39515000581741333,0.8718112111091614,0.6236358284950256,0.401955246925354,0.48559945821762085,0.40781518816947937,good
0.5310068726539612,0.43747103214263916,0.7779533267021179,0.8564644455909729,0.3922640085220337,0.8742245435714722,0.6169136762619019,0.4003380239009857,0.48243483901023865,0.4097203314304352,good
0.5151559710502625,0.44412660598754883,0.7782756090164185,0.8577175736427307,0.3894234001636505,0.8760237693786621,0.6100431084632874,0.40008750557899475,0.47548094391822815,0.4128175675868988,good
0.5014085173606873,0.44865551590919495,0.7785532474517822,0.8577262163162231,0.3899821639060974,0.8733161687850952,0.6015084981918335,0.3998296856880188,0.4659981429576874,0.41499802470207214,good
0.49405908584594727,0.4624672532081604,0.7531774044036865,0.823779284954071,0.40849220752716064,0.8342613577842712,0.5916739702224731,0.3989604711532593,0.4591447412967682,0.4231744408607483,good
0.484689325094223,0.478788822889328,0.7513149380683899,0.8079702258110046,0.40704232454299927,0.8382276296615601,0.5846709609031677,0.39903250336647034,0.44998544454574585,0.4307483732700348,good
0.4800179898738861,0.4824962913990021,0.7457262873649597,0.7790946960449219,0.40768247842788696,0.8377099633216858,0.5800802111625671,0.3981989622116089,0.43808165192604065,0.43789759278297424,good
0.4797671139240265,0.4828396737575531,0.7470773458480835,0.7813470363616943,0.4070097506046295,0.8352733254432678,0.5780998468399048,0.39687880873680115,0.4361444413661957,0.44172602891921997,good
0.4766143560409546,0.48158422112464905,0.7444592714309692,0.7807514667510986,0.4019768536090851,0.836173415184021,0.5769051909446716,0.393282026052475,0.4320594072341919,0.4434724748134613,good
0.4719231426715851,0.48127374053001404,0.7458119988441467,0.7908028364181519,0.3772902190685272,0.8567621111869812,0.575031578540802,0.3936978876590729,0.4315822720527649,0.4430501461029053,good
0.4695948362350464,0.48061296343803406,0.7466176152229309,0.7974908947944641,0.37887340784072876,0.856614351272583,0.5714836120605469,0.3937939703464508,0.43368181586265564,0.44261398911476135,good
0.46867939829826355,0.47982731461524963,0.7509364485740662,0.8180265426635742,0.379915714263916,0.8566152453422546,0.571471631526947,0.39295899868011475,0.4344167411327362,0.44027289748191833,good
0.4704175591468811,0.4678969979286194,0.7558626532554626,0.8324292898178101,0.3773462176322937,0.8577165007591248,0.5723298788070679,0.3896416127681732,0.43832939863204956,0.4336199164390564,good
0.4780070185661316,0.466418594121933,0.7582319378852844,0.8424747586250305,0.3777309060096741,0.860342264175415,0.5793317556381226,0.3902179002761841,0.4427109658718109,0.43188220262527466,good
0.48746809363365173,0.46033287048339844,0.7625418305397034,0.8425138592720032,0.37788817286491394,0.8603039383888245,0.5870682001113892,0.39024436473846436,0.4518597722053528,0.42393746972084045,good
0.4994772672653198,0.4485923647880554,0.7708332538604736,0.8428882956504822,0.3781664967536926,0.8615002036094666,0.59553462266922,0.38887619972229004,0.459250807762146,0.42047736048698425,good
0.5113359689712524,0.44130179286003113,0.7748489379882812,0.8483800292015076,0.37834689021110535,0.8606754541397095,0.6033816933631897,0.3877400755882263,0.46898093819618225,0.4129665493965149,good
0.5173786282539368,0.4385908544063568,0.7865130305290222,0.8527729511260986,0.38437139987945557,0.8659575581550598,0.611445426940918,0.3851364552974701,0.4751216769218445,0.41124722361564636,good
0.5192415118217468,0.43413403630256653,0.7995465993881226,0.8548504710197449,0.3894198536872864,0.873473584651947,0.6160234212875366,0.38293442130088806,0.4808589220046997,0.4068506062030792,good
0.5246148109436035,0.4347311556339264,0.8027982115745544,0.854802668094635,0.3920469284057617,0.8762375712394714,0.6199092864990234,0.3820401728153229,0.48372042179107666,0.40642815828323364,good
0.5297450423240662,0.43449094891548157,0.8055509924888611,0.8545545935630798,0.3921527862548828,0.8837457895278931,0.621567964553833,0.38132286071777344,0.48487749695777893,0.40645572543144226,good
0.5330178737640381,0.43416714668273926,0.8087170124053955,0.8548230528831482,0.3949964642524719,0.8848863840103149,0.6229349374771118,0.38092318177223206,0.4860570728778839,0.4066280126571655,good
0.5355300903320312,0.434061735868454,0.8072620034217834,0.854676365852356,0.39689284563064575,0.8857933282852173,0.6249076128005981,0.38122084736824036,0.48647090792655945,0.4067230522632599,good
0.5363082885742188,0.4342074990272522,0.8057076930999756,0.854520320892334,0.3967669904232025,0.8856490254402161,0.6264668107032776,0.3824220299720764,0.4865352511405945,0.4068014621734619,good
0.5384044051170349,0.4308696687221527,0.8046454787254333,0.854394257068634,0.3948034942150116,0.8854526877403259,0.6264166235923767,0.3819926083087921,0.4861922264099121,0.4066309630870819,good
0.5371077060699463,0.42697662115097046,0.8043133616447449,0.8559427261352539,0.3917733430862427,0.886154055595398,0.6258849501609802,0.3813886344432831,0.48589852452278137,0.40525996685028076,good
0.5352858901023865,0.42350631952285767,0.8003247976303101,0.8558571338653564,0.3897559940814972,0.8794993162155151,0.6239460706710815,0.38056623935699463,0.484709769487381,0.404000848531723,good
0.5216534733772278,0.42267128825187683,0.7973774671554565,0.8550300598144531,0.38774988055229187,0.8783692717552185,0.617567241191864,0.379308819770813,0.4792439043521881,0.4035344123840332,good
0.5019176602363586,0.4229699969291687,0.7951453924179077,0.8503993153572083,0.3873366415500641,0.8784773945808411,0.6082969307899475,0.37867873907089233,0.47239524126052856,0.40367263555526733,good
0.4786694645881653,0.4253421127796173,0.7888173460960388,0.8458787202835083,0.3864484429359436,0.87782222032547,0.5923811793327332,0.3752012848854065,0.4584713876247406,0.4049009084701538,good
0.460851788520813,0.4403187334537506,0.7853975892066956,0.8413529992103577,0.3870733380317688,0.8828362226486206,0.5746819972991943,0.3730390667915344,0.4493771195411682,0.41322237253189087,good
0.4438323378562927,0.4535714387893677,0.7830401062965393,0.83946692943573,0.38697752356529236,0.8828045725822449,0.555774450302124,0.3731812536716461,0.43949344754219055,0.42248502373695374,good
0.43454352021217346,0.45823097229003906,0.7750318646430969,0.8332266211509705,0.3840808868408203,0.8853124976158142,0.5438689589500427,0.37600311636924744,0.4292687475681305,0.4269394874572754,good
0.42974016070365906,0.46349671483039856,0.7715355753898621,0.8305726647377014,0.38382333517074585,0.8868588209152222,0.5392382740974426,0.3779957592487335,0.42197099328041077,0.43072858452796936,good
0.43345290422439575,0.46533718705177307,0.7697628736495972,0.829120934009552,0.3835720121860504,0.8846268057823181,0.5396978855133057,0.3780580163002014,0.41734251379966736,0.43250465393066406,good
0.4373275339603424,0.46458932757377625,0.7655310034751892,0.8286454081535339,0.38067278265953064,0.8686599135398865,0.54388827085495,0.37746506929397583,0.418704092502594,0.43240755796432495,good
0.43817460536956787,0.4602918028831482,0.7619574666023254,0.8272000551223755,0.37276554107666016,0.8689189553260803,0.5454747080802917,0.3709146976470947,0.4184039533138275,0.4320662319660187,good
0.4449347257614136,0.44589102268218994,0.7627865076065063,0.8273001313209534,0.37050294876098633,0.8710057139396667,0.5546457171440125,0.3679038882255554,0.4205610156059265,0.4249721169471741,good
0.46299824118614197,0.43711861968040466,0.763085663318634,0.8306317925453186,0.36990001797676086,0.8693161010742188,0.5702628493309021,0.36788755655288696,0.4241228997707367,0.418182373046875,good
0.48324623703956604,0.43105894327163696,0.7642890214920044,0.835369348526001,0.3683038055896759,0.8754163384437561,0.5838994383811951,0.3674635589122772,0.43157443404197693,0.41511011123657227,good
0.49308040738105774,0.4287779629230499,0.7668275833129883,0.8356307148933411,0.3686094284057617,0.8738303184509277,0.5902397036552429,0.3675156235694885,0.4394194781780243,0.4136786162853241,good
0.49940982460975647,0.4230195879936218,0.7697694301605225,0.8356590270996094,0.36885398626327515,0.8742414712905884,0.595483660697937,0.36717671155929565,0.44721853733062744,0.40804845094680786,good
0.507201075553894,0.41883906722068787,0.7749502658843994,0.8362265825271606,0.370168536901474,0.8717746138572693,0.600626528263092,0.36718812584877014,0.45638835430145264,0.40362727642059326,good
0.5170368552207947,0.41570669412612915,0.7782513499259949,0.8371495604515076,0.37386637926101685,0.869182825088501,0.6090412139892578,0.3676697909832001,0.4655376076698303,0.3983135521411896,good
0.5255318880081177,0.4159432351589203,0.7801214456558228,0.839576005935669,0.37723246216773987,0.8687549829483032,0.615984320640564,0.369953989982605,0.47129619121551514,0.39718329906463623,good
0.5314331650733948,0.4143159091472626,0.7806774377822876,0.8409535884857178,0.37959274649620056,0.8688028454780579,0.6205700635910034,0.37219932675361633,0.47489407658576965,0.39716148376464844,good
0.5378161668777466,0.4122624397277832,0.78087317943573,0.8416993021965027,0.3802359700202942,0.8689057230949402,0.62547767162323,0.3728642165660858,0.4769243597984314,0.3973275125026703,good
0.5418235659599304,0.41007158160209656,0.7808681726455688,0.8427979946136475,0.3814355731010437,0.8700162172317505,0.6283401846885681,0.37296199798583984,0.47862812876701355,0.3965483605861664,good
0.5459966659545898,0.41035082936286926,0.7813396453857422,0.8471663594245911,0.380705326795578,0.8723015189170837,0.6312036514282227,0.37395042181015015,0.48002922534942627,0.39650827646255493,good
0.5516488552093506,0.40734589099884033,0.7815753221511841,0.8512608408927917,0.37794461846351624,0.8732885718345642,0.6348865032196045,0.37396103143692017,0.4811030328273773,0.39508873224258423,good
0.5561398863792419,0.4079107940196991,0.781005859375,0.8541167378425598,0.37496069073677063,0.873224139213562,0.6381925940513611,0.37733763456344604,0.48398271203041077,0.3947748839855194,good
0.5599139332771301,0.41058212518692017,0.773787260055542,0.8549712300300598,0.3678913414478302,0.8733950853347778,0.6374185085296631,0.38210955262184143,0.4847775995731354,0.39470937848091125,good
0.5643151998519897,0.4206632375717163,0.7708785533905029,0.8581930994987488,0.3637273609638214,0.875238299369812,0.6372047066688538,0.391573429107666,0.48643800616264343,0.3966834545135498,good
0.5676708221435547,0.4228071868419647,0.7699998021125793,0.8634025454521179,0.36028870940208435,0.8818843364715576,0.6367093920707703,0.3937302231788635,0.48788946866989136,0.397620290517807,good
0.5694777369499207,0.42404797673225403,0.7690710425376892,0.8644039034843445,0.36000052094459534,0.8853246569633484,0.636584460735321,0.39442434906959534,0.4884707033634186,0.3980220556259155,good
0.5709362626075745,0.42503514885902405,0.7667602300643921,0.8642935156822205,0.36015233397483826,0.8856714963912964,0.636435329914093,0.39571020007133484,0.48866474628448486,0.3992982506752014,good
0.57194584608078,0.4258812367916107,0.766821563243866,0.8641764521598816,0.36044740676879883,0.8856489062309265,0.6370405554771423,0.39587047696113586,0.4899500906467438,0.4019293189048767,good
0.5750912427902222,0.4285760521888733,0.7666274905204773,0.8608881831169128,0.36312469840049744,0.8824877142906189,0.6385547518730164,0.3978980779647827,0.49180200695991516,0.40506041049957275,good
0.5777972340583801,0.43049949407577515,0.7666770815849304,0.8587397336959839,0.36668479442596436,0.8805639147758484,0.6405761241912842,0.3992396891117096,0.4941771626472473,0.40614378452301025,good
0.5785521864891052,0.43138593435287476,0.7677285075187683,0.8586744070053101,0.3698291778564453,0.8805579543113708,0.6446820497512817,0.4014173746109009,0.4963357746601105,0.40725404024124146,good
0.5775136947631836,0.4337763488292694,0.7684265971183777,0.8580846786499023,0.379434198141098,0.8724188804626465,0.6470441818237305,0.4052088260650635,0.500677764415741,0.40771809220314026,good
0.5809425711631775,0.4358152747154236,0.7689684629440308,0.8580192923545837,0.3792087435722351,0.8709903955459595,0.6522619724273682,0.4073972702026367,0.5025829672813416,0.4075065553188324,good
0.5819619297981262,0.4361962080001831,0.772456705570221,0.8579966425895691,0.38151243329048157,0.8710815906524658,0.6575911641120911,0.4075178802013397,0.5046886801719666,0.4077794551849365,good
0.5816323161125183,0.43528249859809875,0.7769070267677307,0.8579739332199097,0.38543441891670227,0.8704026341438293,0.6602120995521545,0.4072931408882141,0.5078591704368591,0.4069388210773468,good
0.5813588500022888,0.4318072199821472,0.7892146706581116,0.8583453297615051,0.3951326012611389,0.8654087781906128,0.6628106236457825,0.40589118003845215,0.5105705261230469,0.40579110383987427,good
0.5806115865707397,0.43171873688697815,0.7983570694923401,0.8583804368972778,0.3978559672832489,0.8645333051681519,0.6628650426864624,0.4052993357181549,0.5103194117546082,0.4049738645553589,good
0.5787014365196228,0.4319160580635071,0.8034533858299255,0.8580530881881714,0.4038495123386383,0.8600584268569946,0.66216641664505,0.40387365221977234,0.5101270079612732,0.40534722805023193,good
0.5776205658912659,0.43118107318878174,0.8054152131080627,0.859441876411438,0.4059460759162903,0.8581504821777344,0.6623705625534058,0.40281662344932556,0.5099673867225647,0.40514764189720154,good
0.5774879455566406,0.41927802562713623,0.8076077103614807,0.8590827584266663,0.40851056575775146,0.85576993227005,0.6626423001289368,0.388409286737442,0.5097612142562866,0.4003008306026459,good
0.5742382407188416,0.41426005959510803,0.8066465854644775,0.8593912124633789,0.4077938497066498,0.8553562760353088,0.6618397235870361,0.3838079273700714,0.5096538662910461,0.3957986533641815,good
0.5664657950401306,0.3975793719291687,0.8058494925498962,0.8594310283660889,0.4082757532596588,0.853791356086731,0.6588589549064636,0.37567511200904846,0.5095807313919067,0.3841991424560547,good
0.5631364583969116,0.394209623336792,0.80473792552948,0.8585573434829712,0.4076020121574402,0.8504459857940674,0.656931459903717,0.37284165620803833,0.5079262852668762,0.383144736289978,good
0.5612753033638,0.38821858167648315,0.8042104840278625,0.8571748733520508,0.4047761559486389,0.8513441681861877,0.6538967490196228,0.37036192417144775,0.503581702709198,0.3811720907688141,good
0.5570715069770813,0.38205787539482117,0.8036664128303528,0.8567770719528198,0.4040493369102478,0.8527389764785767,0.647346556186676,0.36647218465805054,0.4987291693687439,0.3800332248210907,good
0.5522044897079468,0.3728567659854889,0.8035151362419128,0.8557804822921753,0.4012470245361328,0.8537279367446899,0.6428220868110657,0.3588307797908783,0.49437952041625977,0.37782976031303406,good
0.5408298969268799,0.36933091282844543,0.8028661012649536,0.8556874394416809,0.39904215931892395,0.8541212677955627,0.6344213485717773,0.3559689223766327,0.4901021122932434,0.37477031350135803,good
0.5362981557846069,0.36609795689582825,0.7999414205551147,0.850825846195221,0.39625224471092224,0.8533393740653992,0.6288861632347107,0.35283327102661133,0.4863458275794983,0.3724290430545807,good
0.5360832810401917,0.3644150495529175,0.7949312329292297,0.8505104780197144,0.38978248834609985,0.8547679781913757,0.6248968839645386,0.3519866466522217,0.48218250274658203,0.37071365118026733,good
0.5356022715568542,0.36492204666137695,0.7934714555740356,0.850497305393219,0.38426825404167175,0.857598602771759,0.6217551827430725,0.3516905903816223,0.4776935875415802,0.3709090054035187,good
0.5316095948219299,0.3656850755214691,0.7919214963912964,0.8498888611793518,0.38200756907463074,0.8589648604393005,0.6177262663841248,0.3509248197078705,0.47228553891181946,0.37206465005874634,good
0.526550829410553,0.3659900426864624,0.7875163555145264,0.8486791849136353,0.37594836950302124,0.8587763905525208,0.6138318777084351,0.35104691982269287,0.4682718515396118,0.3730727732181549,good
0.5222337245941162,0.366192489862442,0.7862231731414795,0.8487112522125244,0.3709051311016083,0.861688494682312,0.6107210516929626,0.351250559091568,0.4659358859062195,0.3731454312801361,good
0.5199612379074097,0.36634233593940735,0.786295473575592,0.8498819470405579,0.36812660098075867,0.8709657788276672,0.6096335053443909,0.35137903690338135,0.4649440050125122,0.3735167980194092,good
0.5195400714874268,0.36681535840034485,0.7855204343795776,0.8497548699378967,0.36567094922065735,0.8729640245437622,0.6084563732147217,0.3514960706233978,0.4626098573207855,0.3741442561149597,good
0.5177683234214783,0.36708512902259827,0.785121738910675,0.8493221998214722,0.3654796779155731,0.8735955953598022,0.6074617505073547,0.3515278995037079,0.461072713136673,0.3742222785949707,good
0.5167480111122131,0.3673418462276459,0.7839654684066772,0.8483065366744995,0.3659558892250061,0.8724380731582642,0.6065673232078552,0.35150018334388733,0.4607704281806946,0.3743591606616974,good
0.5173739194869995,0.3653322756290436,0.7728224396705627,0.8394280672073364,0.36580517888069153,0.8695924282073975,0.6062211394309998,0.3508721888065338,0.46033158898353577,0.37363046407699585,good
0.5174887180328369,0.3629031777381897,0.7624180316925049,0.8344634175300598,0.3656098246574402,0.8620588779449463,0.6056216955184937,0.3497704267501831,0.45922473073005676,0.3719662129878998,good
0.5176166892051697,0.36290937662124634,0.7576459050178528,0.8314421772956848,0.3657923638820648,0.8619022965431213,0.6046829223632812,0.34870782494544983,0.4577685296535492,0.3720431923866272,good
0.5177603363990784,0.36306482553482056,0.7595773339271545,0.8316012024879456,0.3634577691555023,0.8655025959014893,0.6031957864761353,0.3472522497177124,0.45429694652557373,0.3720664083957672,good
0.517238974571228,0.36247774958610535,0.760795533657074,0.8321746587753296,0.3602810800075531,0.8686870336532593,0.6021459698677063,0.34620654582977295,0.4521951675415039,0.3701309859752655,good
0.5138375163078308,0.36233875155448914,0.7616668343544006,0.8323047161102295,0.36019787192344666,0.8685952425003052,0.600399374961853,0.34271013736724854,0.45214909315109253,0.368791788816452,good
0.5140703320503235,0.36188310384750366,0.76239413022995,0.8321609497070312,0.3604173958301544,0.8678714632987976,0.6002694964408875,0.34105950593948364,0.45242053270339966,0.36509284377098083,good
0.5111854076385498,0.3599212169647217,0.7625425457954407,0.832089364528656,0.36053451895713806,0.8647007942199707,0.6004137396812439,0.3385704457759857,0.45313045382499695,0.3618403971195221,good
0.5132710337638855,0.35761821269989014,0.7650395631790161,0.8335488438606262,0.3597840666770935,0.8662301301956177,0.6012611985206604,0.33758780360221863,0.4565114378929138,0.36047643423080444,good
0.5170142650604248,0.3574788570404053,0.7685394883155823,0.8337329030036926,0.36160099506378174,0.8656288981437683,0.6046285033226013,0.3375859260559082,0.46104156970977783,0.3587326109409332,good
0.5268104076385498,0.35994094610214233,0.7730811238288879,0.8363656997680664,0.3663901388645172,0.8655421137809753,0.6144169569015503,0.33875566720962524,0.46808069944381714,0.35884711146354675,good
0.5358410477638245,0.36586520075798035,0.7753480076789856,0.8366618752479553,0.36845386028289795,0.8655260801315308,0.6215116381645203,0.3443213701248169,0.47455137968063354,0.35985267162323,good
0.541101336479187,0.36952105164527893,0.780598521232605,0.8376275300979614,0.3734591603279114,0.8650470972061157,0.6295060515403748,0.34987568855285645,0.47775334119796753,0.362618625164032,good
0.5490076541900635,0.376724511384964,0.7832692861557007,0.8397835493087769,0.3760385811328888,0.8661062121391296,0.6374858617782593,0.35821178555488586,0.48302584886550903,0.3646612763404846,good
0.5574706792831421,0.3803884983062744,0.788016676902771,0.8403370976448059,0.3801051676273346,0.8713134527206421,0.6415778994560242,0.3586375415325165,0.4884223937988281,0.3679165244102478,good
0.5614015460014343,0.38052213191986084,0.79515141248703,0.8415094614028931,0.3884037733078003,0.8681036829948425,0.6507425308227539,0.3585248589515686,0.4931759238243103,0.36802053451538086,good
0.5767694711685181,0.3772238790988922,0.7891027927398682,0.8324592113494873,0.39450502395629883,0.8628565669059753,0.6614561080932617,0.35835200548171997,0.49865320324897766,0.3635677695274353,good
0.5848686099052429,0.38042426109313965,0.7965868711471558,0.838773250579834,0.3970833420753479,0.8606474995613098,0.6692640781402588,0.3617532551288605,0.5035218000411987,0.3656791150569916,good
0.5924450159072876,0.3834131062030792,0.8034905791282654,0.8500765562057495,0.3963102102279663,0.8618993759155273,0.6749394536018372,0.3644307255744934,0.5084612369537354,0.3657054007053375,good
0.5932781100273132,0.381668359041214,0.8082595467567444,0.8518853187561035,0.3997041583061218,0.8568687438964844,0.6791694760322571,0.364566445350647,0.5131687521934509,0.3636392652988434,good
0.5968115925788879,0.37645307183265686,0.8120933175086975,0.8526433110237122,0.40102213621139526,0.8567458391189575,0.6843531727790833,0.3641106188297272,0.5164121985435486,0.3589954078197479,good
0.6011574268341064,0.3721390664577484,0.8116096258163452,0.8533403277397156,0.40345174074172974,0.854168176651001,0.6905953884124756,0.363985151052475,0.520289957523346,0.3544631600379944,good
0.6072428822517395,0.37180691957473755,0.8145924806594849,0.8549047112464905,0.41007474064826965,0.8509355783462524,0.698548436164856,0.3639632761478424,0.5242508053779602,0.3552604615688324,good
0.609078586101532,0.3726930320262909,0.8186101913452148,0.8582753539085388,0.4183799624443054,0.8484206795692444,0.7023448348045349,0.36390233039855957,0.5288841128349304,0.3559185564517975,good
0.614561915397644,0.373982697725296,0.8243744969367981,0.8597155809402466,0.41934266686439514,0.849626362323761,0.7033061981201172,0.3641221821308136,0.5313948392868042,0.3570297062397003,good
0.6155317425727844,0.3749893009662628,0.8317304849624634,0.8620451092720032,0.4205670952796936,0.8517531752586365,0.7044571042060852,0.36384788155555725,0.5344629287719727,0.3575442433357239,good
0.615917444229126,0.37767404317855835,0.8331111669540405,0.8633152842521667,0.42329615354537964,0.8514421582221985,0.7046566605567932,0.3638778626918793,0.5353139042854309,0.35979539155960083,good
0.614244282245636,0.380317747592926,0.8363969326019287,0.863580584526062,0.42322105169296265,0.85429447889328,0.7027944326400757,0.36388954520225525,0.5346177220344543,0.3632718622684479,good
0.6097308993339539,0.3863975405693054,0.8366398215293884,0.8635709285736084,0.4225921928882599,0.8542600274085999,0.7021505236625671,0.3638785779476166,0.5350297093391418,0.36434200406074524,good
0.6073724031448364,0.38612619042396545,0.8366456627845764,0.8636524677276611,0.41927412152290344,0.8602674007415771,0.7015677690505981,0.36504873633384705,0.5345283150672913,0.36394017934799194,good
0.6049577593803406,0.38633838295936584,0.8363304138183594,0.8640753626823425,0.40907561779022217,0.8675920367240906,0.696001410484314,0.36590060591697693,0.5338329672813416,0.3639577329158783,good
0.6003393530845642,0.38660988211631775,0.83330899477005,0.8634163737297058,0.4048062860965729,0.8679824471473694,0.6908619999885559,0.36589252948760986,0.5296310782432556,0.3651729226112366,good
0.5900130867958069,0.3871956169605255,0.8280338644981384,0.8606888651847839,0.40172135829925537,0.8678818941116333,0.6829620003700256,0.36593496799468994,0.524756133556366,0.3653312027454376,good
0.5785647034645081,0.388361394405365,0.821436882019043,0.8583498597145081,0.3962779641151428,0.867767333984375,0.6692885160446167,0.36592748761177063,0.5177994966506958,0.36588430404663086,good
0.5699740648269653,0.38883498311042786,0.8156803250312805,0.8574158549308777,0.3921732008457184,0.8679499626159668,0.6618785858154297,0.3669479787349701,0.5065041184425354,0.36941608786582947,bad
0.5647547841072083,0.38875648379325867,0.8088467121124268,0.8573933839797974,0.3851170539855957,0.8681603074073792,0.653685450553894,0.3666403889656067,0.4974932074546814,0.36964744329452515,bad
0.5581096410751343,0.39307716488838196,0.8035568594932556,0.8586477041244507,0.38354790210723877,0.868130624294281,0.6463378071784973,0.3666401505470276,0.4887748956680298,0.3732849061489105,bad
0.551837682723999,0.39855390787124634,0.8015950322151184,0.8601356148719788,0.38003912568092346,0.866941511631012,0.6435657143592834,0.36658281087875366,0.4794560670852661,0.3738815486431122,bad
0.5500785708427429,0.40263792872428894,0.7934707999229431,0.8644921779632568,0.3702712655067444,0.8668963313102722,0.6416171193122864,0.36657822132110596,0.470603883266449,0.3797522485256195,bad
0.5456792116165161,0.41665104031562805,0.7898581027984619,0.864672839641571,0.3642977178096771,0.8707084655761719,0.6399085521697998,0.37126845121383667,0.4644473195075989,0.3845655024051666,bad
0.5439510345458984,0.4301864802837372,0.7871028780937195,0.8678234815597534,0.35916295647621155,0.8775105476379395,0.6413606405258179,0.37479668855667114,0.4581703245639801,0.3939060568809509,bad
0.5444912314414978,0.4926437437534332,0.7877197265625,0.8772386908531189,0.3548125624656677,0.9016925096511841,0.6424720287322998,0.4053095877170563,0.4538131356239319,0.4252627491950989,bad
0.5457679629325867,0.5585080981254578,0.7822136282920837,0.8835646510124207,0.3548101484775543,0.9085460305213928,0.6464776396751404,0.45763862133026123,0.45063337683677673,0.46530047059059143,bad
0.5451386570930481,0.5988885760307312,0.783269464969635,0.8916383981704712,0.3536562919616699,0.9149846434593201,0.650463342666626,0.4941433370113373,0.44725340604782104,0.4948676824569702,bad
0.5460057854652405,0.6380720138549805,0.7840913534164429,0.896704912185669,0.35047733783721924,0.917004406452179,0.6573633551597595,0.5079792737960815,0.44623807072639465,0.5201957821846008,bad
0.5457480549812317,0.6657425761222839,0.7840153574943542,0.8972749710083008,0.35180580615997314,0.9153669476509094,0.6617409586906433,0.5290756225585938,0.44071924686431885,0.5378873348236084,bad
0.5461522936820984,0.6807506084442139,0.7818856835365295,0.8966553807258606,0.34998995065689087,0.9187754988670349,0.6642916798591614,0.540081262588501,0.43466827273368835,0.552762508392334,bad
0.543241560459137,0.6937702894210815,0.780164897441864,0.8962100148200989,0.3468223810195923,0.9295312166213989,0.6641493439674377,0.5447462797164917,0.42750251293182373,0.5614249110221863,bad
0.5431464314460754,0.708743155002594,0.7820068597793579,0.8959017395973206,0.3438619077205658,0.9421066045761108,0.6642414927482605,0.555083692073822,0.4239063560962677,0.5728803277015686,bad
0.5434277653694153,0.7073456645011902,0.7833205461502075,0.8966776728630066,0.34280890226364136,0.9471111297607422,0.6660350561141968,0.560186505317688,0.42439863085746765,0.5787239074707031,bad
0.5435335040092468,0.7212691307067871,0.787598729133606,0.8990681171417236,0.3430576026439667,0.9453368782997131,0.6691892743110657,0.5710042715072632,0.4265880882740021,0.5807997584342957,bad
0.5556172132492065,0.7297094464302063,0.7920228838920593,0.9018492102622986,0.3440599739551544,0.9437232613563538,0.6778705716133118,0.5751894116401672,0.4333685636520386,0.5810127258300781,bad
0.5611326098442078,0.7243396043777466,0.7991332411766052,0.9076514840126038,0.3471488356590271,0.9428421258926392,0.6844471096992493,0.5766438841819763,0.4382864534854889,0.5786136388778687,bad
0.592085599899292,0.7237465381622314,0.804767370223999,0.9092240333557129,0.3536316156387329,0.9424248933792114,0.7100220322608948,0.5710498690605164,0.45345085859298706,0.5772861838340759,bad
0.6314874887466431,0.7299171090126038,0.806513249874115,0.9090181589126587,0.36201635003089905,0.9417767524719238,0.7351912260055542,0.5730734467506409,0.4794923663139343,0.5745745897293091,bad
0.6846919655799866,0.7224516868591309,0.806657075881958,0.9092700481414795,0.3722168505191803,0.9410668015480042,0.7687808871269226,0.5754302740097046,0.5162895917892456,0.5720126032829285,bad
0.7385615706443787,0.7179296016693115,0.8116916418075562,0.9211872220039368,0.38199013471603394,0.9404916167259216,0.8084523677825928,0.5837463140487671,0.56100994348526,0.5569990277290344,bad
0.773577868938446,0.7208086252212524,0.8154320120811462,0.9230735898017883,0.39116424322128296,0.9395787715911865,0.8276483416557312,0.6066025495529175,0.6048162579536438,0.5518369674682617,bad
0.8047756552696228,0.7242834568023682,0.8208857774734497,0.9225975275039673,0.4141079783439636,0.9391880631446838,0.8500140905380249,0.6177758574485779,0.632789671421051,0.5512412786483765,bad
0.8295480012893677,0.7405076622962952,0.834748387336731,0.9207984209060669,0.4245809018611908,0.9380024075508118,0.8697786331176758,0.6263667345046997,0.6544570326805115,0.5511337518692017,bad
0.8439356088638306,0.7599114775657654,0.8421547412872314,0.9193421006202698,0.43146976828575134,0.9361193776130676,0.8655108213424683,0.6310619115829468,0.6686050891876221,0.5518035888671875,bad
0.8437052369117737,0.782780647277832,0.8424358367919922,0.9189818501472473,0.4403112232685089,0.928704023361206,0.8750025629997253,0.6569607257843018,0.6687504053115845,0.5539392828941345,bad
0.8354082107543945,0.7803601026535034,0.8553159236907959,0.9221514463424683,0.44738084077835083,0.9188122749328613,0.8864471912384033,0.6645137667655945,0.6699212789535522,0.5539571642875671,bad
0.8253471851348877,0.7743564248085022,0.8583347797393799,0.9218497276306152,0.4406992495059967,0.9245787262916565,0.8744227886199951,0.6592451930046082,0.6585926413536072,0.5538619160652161,bad
0.8213126063346863,0.7720620632171631,0.8616304397583008,0.9202908277511597,0.43915411829948425,0.9248684048652649,0.8661067485809326,0.6563016176223755,0.6446275115013123,0.5503450036048889,bad
0.7465986013412476,0.7649015188217163,0.8623353242874146,0.9196848273277283,0.4254657030105591,0.9279504418373108,0.8470578789710999,0.6344945430755615,0.5864253640174866,0.5501429438591003,bad
0.6812427639961243,0.7411845326423645,0.8450157046318054,0.9192578196525574,0.39842697978019714,0.9350569844245911,0.787479817867279,0.601232647895813,0.5341399908065796,0.549574077129364,bad
0.5942056179046631,0.7231809496879578,0.8288953900337219,0.9196017384529114,0.375424861907959,0.9339519739151001,0.7239824533462524,0.5782032608985901,0.4657895267009735,0.5493330955505371,bad
0.5304321646690369,0.7069320678710938,0.8010109663009644,0.9202366471290588,0.35299187898635864,0.9299152493476868,0.6708065867424011,0.5465477108955383,0.4193294942378998,0.5502419471740723,bad
0.4442735016345978,0.7073974609375,0.7693843841552734,0.9190574288368225,0.3479357361793518,0.916625440120697,0.605434775352478,0.5481856465339661,0.366557776927948,0.5681717991828918,bad
0.38587597012519836,0.7083564400672913,0.7379952669143677,0.9148747324943542,0.35152915120124817,0.8970178961753845,0.5511096715927124,0.5487596988677979,0.3385738432407379,0.5793021321296692,bad
0.33378398418426514,0.7162141799926758,0.7299149036407471,0.904010534286499,0.3306199312210083,0.8857083320617676,0.49725040793418884,0.5375013947486877,0.3045215606689453,0.6045066118240356,bad
0.3158375024795532,0.721381664276123,0.7306793928146362,0.8890394568443298,0.31436803936958313,0.8874322772026062,0.4673643112182617,0.5284666419029236,0.295808345079422,0.6126924157142639,bad
0.3122571110725403,0.7231667041778564,0.717842698097229,0.8778071999549866,0.3091524541378021,0.8861110210418701,0.4604223966598511,0.5188162326812744,0.28559306263923645,0.614096999168396,bad
0.30430367588996887,0.7197076082229614,0.7070298790931702,0.8659828305244446,0.3057975471019745,0.8596780896186829,0.458046019077301,0.5104961395263672,0.27334490418434143,0.6093859672546387,bad
0.3112717270851135,0.6981837153434753,0.7136556506156921,0.865203857421875,0.3009270131587982,0.8646595478057861,0.467372864484787,0.4980038106441498,0.2744467556476593,0.6062421798706055,bad
0.31690508127212524,0.6794698238372803,0.7224408984184265,0.8566203117370605,0.30837810039520264,0.868284285068512,0.4789656400680542,0.4800281524658203,0.2951580286026001,0.6018246412277222,bad
0.34188735485076904,0.6540937423706055,0.7258378267288208,0.8567233085632324,0.31194573640823364,0.871065616607666,0.5019423365592957,0.4702197313308716,0.3015666604042053,0.5908172726631165,bad
0.37388139963150024,0.6472885012626648,0.7480056285858154,0.8584252595901489,0.31444528698921204,0.8841541409492493,0.5423620939254761,0.47725796699523926,0.3115289807319641,0.5656958818435669,bad
0.4309236705303192,0.6285223960876465,0.7765209078788757,0.8610241413116455,0.32576876878738403,0.8849501609802246,0.5930410027503967,0.4777408242225647,0.3426731824874878,0.5297832489013672,bad
0.4849510192871094,0.6216713190078735,0.8050997853279114,0.863568902015686,0.3573026657104492,0.8981824517250061,0.6364596486091614,0.4773057699203491,0.39174726605415344,0.5279368758201599,bad
0.5312902331352234,0.6154718995094299,0.8171818852424622,0.8648977279663086,0.37489455938339233,0.9047327637672424,0.6699805855751038,0.47756725549697876,0.43256160616874695,0.5246827602386475,bad
0.5631422400474548,0.6192377805709839,0.8343501687049866,0.8698265552520752,0.38679009675979614,0.9146333932876587,0.7000264525413513,0.47597813606262207,0.45758724212646484,0.5212331414222717,bad
0.5921990275382996,0.6222306489944458,0.8428727388381958,0.8771079778671265,0.40162405371665955,0.9153352975845337,0.7208732962608337,0.4765656590461731,0.48071035742759705,0.5233082175254822,bad
0.6109761595726013,0.6244940161705017,0.8487300276756287,0.878563404083252,0.41029852628707886,0.9160960912704468,0.7360938787460327,0.4774511754512787,0.4927302598953247,0.5247535705566406,bad
0.6118751764297485,0.6263440251350403,0.8480100035667419,0.8804870843887329,0.41150596737861633,0.9159582853317261,0.739204466342926,0.48027700185775757,0.49726417660713196,0.5249124765396118,bad
0.6100953817367554,0.6237227320671082,0.846424400806427,0.8843525648117065,0.4122968912124634,0.9158713817596436,0.7397632002830505,0.48654818534851074,0.4992436468601227,0.5229399800300598,bad
0.6095322370529175,0.6242177486419678,0.8452636003494263,0.8839393854141235,0.41171687841415405,0.9179350733757019,0.7347050905227661,0.48696261644363403,0.49947240948677063,0.5235269069671631,bad
0.6046376824378967,0.6201509237289429,0.8430470824241638,0.8839240074157715,0.4078989624977112,0.9226111769676208,0.7278873324394226,0.48855167627334595,0.4958893656730652,0.5214147567749023,bad
0.5962908267974854,0.6235674619674683,0.8424287438392639,0.883589506149292,0.4054631292819977,0.9224581122398376,0.7218990325927734,0.4981355369091034,0.4919424057006836,0.5217511057853699,bad
0.5920483469963074,0.6237131357192993,0.8417145609855652,0.8848221302032471,0.4039093255996704,0.9223698973655701,0.719552755355835,0.5052990913391113,0.48738542199134827,0.5216836333274841,bad
0.5864390730857849,0.6240614056587219,0.8404093384742737,0.8850239515304565,0.4033299684524536,0.9232882261276245,0.7076624035835266,0.5087465643882751,0.48432019352912903,0.5201006531715393,bad
0.5781598687171936,0.6248900294303894,0.8372170925140381,0.8841513991355896,0.40578973293304443,0.9197584986686707,0.7046654224395752,0.5089537501335144,0.47465065121650696,0.517770528793335,bad
0.5728785395622253,0.6253661513328552,0.8325281143188477,0.8834826946258545,0.406318724155426,0.919539213180542,0.6973952054977417,0.5083395838737488,0.46472927927970886,0.5199581980705261,bad
0.5687806606292725,0.6263781785964966,0.8244456052780151,0.8824948668479919,0.40567368268966675,0.9182860851287842,0.6905421018600464,0.508660078048706,0.45784273743629456,0.5232868194580078,bad
0.5674800276756287,0.630792498588562,0.8146972060203552,0.8822231888771057,0.4034906327724457,0.9188240170478821,0.687529444694519,0.5114763379096985,0.45408597588539124,0.5350216031074524,bad
0.5687739253044128,0.648227870464325,0.8124400973320007,0.8829560279846191,0.3978792130947113,0.9217885732650757,0.6881652474403381,0.5134527087211609,0.4527502954006195,0.5428167581558228,bad
0.5685580372810364,0.6525687575340271,0.7959401607513428,0.8751606345176697,0.38863369822502136,0.921901285648346,0.6881384253501892,0.515077531337738,0.4520275294780731,0.5425782203674316,bad
0.5657655000686646,0.6521910429000854,0.7903451919555664,0.8751450777053833,0.3809962868690491,0.9217461943626404,0.6869840621948242,0.5156999230384827,0.4478699564933777,0.5418354272842407,bad
0.5650339722633362,0.6519511938095093,0.7928717136383057,0.8752174377441406,0.37391212582588196,0.9238410592079163,0.6870291829109192,0.5158771276473999,0.44489774107933044,0.541396975517273,bad
0.5640475749969482,0.6516620516777039,0.7940269708633423,0.873844563961029,0.3742355704307556,0.9237515330314636,0.687138020992279,0.5181028842926025,0.44257494807243347,0.5415512919425964,bad
0.5635096430778503,0.6536117196083069,0.7943794131278992,0.8737773895263672,0.37575632333755493,0.9232532382011414,0.6875730752944946,0.5204572677612305,0.4419947862625122,0.5413671135902405,bad
0.5638279318809509,0.6534206867218018,0.7952786684036255,0.8720248937606812,0.39882028102874756,0.9232221841812134,0.6893717646598816,0.5207304954528809,0.44309714436531067,0.5412485003471375,bad
0.5711450576782227,0.6605674624443054,0.7956947088241577,0.8711073994636536,0.3981330990791321,0.9230730533599854,0.6921604871749878,0.5215326547622681,0.44773542881011963,0.541193425655365,bad
0.5888098478317261,0.6670839190483093,0.8018077611923218,0.8730731010437012,0.39760348200798035,0.923061728477478,0.7026488780975342,0.5220540761947632,0.4595872759819031,0.5407713651657104,bad
0.6104467511177063,0.6667046546936035,0.81044602394104,0.8747652173042297,0.39649760723114014,0.9245643615722656,0.7140886187553406,0.5196396708488464,0.47262948751449585,0.5406724214553833,bad
0.619000256061554,0.6626710295677185,0.8156993985176086,0.8748225569725037,0.3919619023799896,0.9259638786315918,0.7215989828109741,0.5129770636558533,0.4802689850330353,0.5341154336929321,bad
0.6140852570533752,0.6262921094894409,0.8141888380050659,0.8715444803237915,0.3927907943725586,0.9261797666549683,0.7222522497177124,0.4997372031211853,0.48053550720214844,0.5214871168136597,bad
0.6109880805015564,0.6065754294395447,0.8174606561660767,0.8766791224479675,0.3936211168766022,0.9260041117668152,0.721537172794342,0.49160563945770264,0.48000240325927734,0.5069044828414917,bad
0.6099587678909302,0.6036802530288696,0.8251726627349854,0.8818580508232117,0.3958494961261749,0.9211334586143494,0.7218864560127258,0.489667147397995,0.4798601567745209,0.5022350549697876,bad
0.6012524962425232,0.598733127117157,0.8276113271713257,0.8801202774047852,0.40185436606407166,0.9217880368232727,0.7210031151771545,0.4883882403373718,0.47925034165382385,0.4927182197570801,bad
0.590319812297821,0.6019266843795776,0.8311387300491333,0.885589599609375,0.4015689194202423,0.9215699434280396,0.7195798754692078,0.48910269141197205,0.4794749319553375,0.4859861731529236,bad
0.5825659036636353,0.604090690612793,0.8344038128852844,0.8881399035453796,0.40108171105384827,0.9219581484794617,0.717995285987854,0.48947659134864807,0.47913649678230286,0.48462051153182983,bad
0.5739313960075378,0.6021744012832642,0.8349607586860657,0.8880795836448669,0.4009556472301483,0.9177354574203491,0.7113568782806396,0.48661500215530396,0.47886356711387634,0.48576778173446655,bad
0.5700972676277161,0.5972916483879089,0.8342839479446411,0.8874844908714294,0.40140804648399353,0.914089024066925,0.7083868384361267,0.48386186361312866,0.4775560200214386,0.48363903164863586,bad
0.5620401501655579,0.5909050107002258,0.8341816663742065,0.8862709999084473,0.4000951647758484,0.9140912294387817,0.7003856301307678,0.4797559380531311,0.4727129638195038,0.4800446629524231,bad
0.5522945523262024,0.5901244878768921,0.8340749740600586,0.8862066268920898,0.3998609185218811,0.9135823845863342,0.6930798888206482,0.4790491759777069,0.4689658284187317,0.47615429759025574,bad
0.5488290190696716,0.5907233357429504,0.8312180638313293,0.8864690065383911,0.39912569522857666,0.9133157134056091,0.687839150428772,0.4785025715827942,0.4628671407699585,0.4761437773704529,bad
0.5456937551498413,0.5913276076316833,0.8297882676124573,0.8864256143569946,0.39876705408096313,0.9114159941673279,0.6814681887626648,0.4778914749622345,0.45542633533477783,0.4762910008430481,bad
0.5454232096672058,0.5919418931007385,0.8258163332939148,0.886365532875061,0.394212543964386,0.9113897681236267,0.6797943711280823,0.47779184579849243,0.4485188126564026,0.47691458463668823,bad
0.5437816977500916,0.5919705033302307,0.8234098553657532,0.8865728378295898,0.3922739624977112,0.9112071394920349,0.6771732568740845,0.47787073254585266,0.4454168379306793,0.4773794710636139,bad
0.5414559841156006,0.5921965837478638,0.8226807117462158,0.8875798583030701,0.39044439792633057,0.9116472601890564,0.675184428691864,0.4780980944633484,0.444568932056427,0.4775860905647278,bad
0.541599452495575,0.5924126505851746,0.8220310211181641,0.88760906457901,0.3888903558254242,0.9128848314285278,0.6745526194572449,0.4791520833969116,0.44422852993011475,0.4777173101902008,bad
0.5421563982963562,0.5924862623214722,0.8216947317123413,0.8866313695907593,0.38676247000694275,0.9137842655181885,0.6753723621368408,0.4791100323200226,0.4440135061740875,0.4787808954715729,bad
0.5427351593971252,0.5926503539085388,0.822563111782074,0.8872606754302979,0.38621625304222107,0.9155752658843994,0.6759250164031982,0.4789988100528717,0.44415515661239624,0.4789503216743469,bad
0.5431530475616455,0.5922825336456299,0.8225594162940979,0.8874272704124451,0.3863200843334198,0.9155715703964233,0.6777516603469849,0.47992032766342163,0.44655841588974,0.47858667373657227,bad
0.5457017421722412,0.5925728678703308,0.8225904107093811,0.8875977396965027,0.3866318464279175,0.9154207706451416,0.6816532611846924,0.4825521409511566,0.44988301396369934,0.47893497347831726,bad
0.550496518611908,0.5925256609916687,0.82271808385849,0.8867135047912598,0.387045294046402,0.9155769348144531,0.6853058934211731,0.48349907994270325,0.45356234908103943,0.4808915853500366,bad
0.5563075542449951,0.5939118266105652,0.8233945369720459,0.8863852024078369,0.3874310255050659,0.9156731367111206,0.6906021237373352,0.4860946536064148,0.4572000503540039,0.4831219017505646,bad
0.5617604851722717,0.5940795540809631,0.8245498538017273,0.8851866722106934,0.3874817192554474,0.9170092344284058,0.6924121379852295,0.4866607189178467,0.4604071080684662,0.48480749130249023,bad
0.5656958222389221,0.5944814085960388,0.825758695602417,0.883656919002533,0.3875221312046051,0.9175277948379517,0.6944589614868164,0.48681339621543884,0.46347567439079285,0.4848344624042511,bad
0.5709534287452698,0.5941010117530823,0.8278168439865112,0.8833257555961609,0.38735711574554443,0.9204214811325073,0.6968182921409607,0.48583170771598816,0.4693889617919922,0.48450374603271484,bad
0.5731713175773621,0.5941393971443176,0.827875018119812,0.8828879594802856,0.3871136009693146,0.9219511151313782,0.6979292035102844,0.48583775758743286,0.47237780690193176,0.48430877923965454,bad
0.5742897391319275,0.5959422588348389,0.827873170375824,0.8827912211418152,0.3851730525493622,0.9235442876815796,0.6978327035903931,0.4859309494495392,0.4736686646938324,0.48386150598526,bad
0.5747412443161011,0.5960574150085449,0.8277477025985718,0.8825134038925171,0.3848404884338379,0.9235570430755615,0.6977412700653076,0.48563751578330994,0.47352105379104614,0.4839167296886444,bad
0.5741273760795593,0.5960237979888916,0.8261274695396423,0.8828891515731812,0.3836009204387665,0.9234569668769836,0.6964254975318909,0.48564720153808594,0.4733869433403015,0.4818677604198456,bad
0.5718666911125183,0.5936433672904968,0.8236686587333679,0.8824411630630493,0.3800331950187683,0.9248855113983154,0.692533552646637,0.4829190969467163,0.46582621335983276,0.48183050751686096,bad
0.5708534717559814,0.591269850730896,0.820268988609314,0.8744101524353027,0.37932857871055603,0.9244759678840637,0.6893059015274048,0.47693222761154175,0.45892560482025146,0.4818205237388611,bad
0.5682172179222107,0.5853742957115173,0.8166864514350891,0.8736119866371155,0.3743269741535187,0.9259713292121887,0.6779487133026123,0.4646008312702179,0.45183736085891724,0.4817284345626831,bad
0.5615787506103516,0.5740513801574707,0.8165352940559387,0.873563826084137,0.3704929053783417,0.9266248941421509,0.6709595322608948,0.4561654031276703,0.44316768646240234,0.4799943268299103,bad
0.5543323755264282,0.5593812465667725,0.8121569752693176,0.8737040758132935,0.3646259605884552,0.9262544512748718,0.6618077754974365,0.4482492506504059,0.43557417392730713,0.4767671823501587,bad
0.550597071647644,0.5487043261528015,0.8006361722946167,0.8741042613983154,0.35438239574432373,0.9260891079902649,0.6508327126502991,0.4413529932498932,0.42944395542144775,0.4729704260826111,bad
0.5432420969009399,0.5284838676452637,0.7940258383750916,0.8769474029541016,0.34553951025009155,0.9267714619636536,0.6450538635253906,0.42983514070510864,0.4181463122367859,0.4638979136943817,bad
0.5338999629020691,0.5114803314208984,0.7832787036895752,0.8797928690910339,0.3348780870437622,0.9266068935394287,0.6343989968299866,0.4176301956176758,0.4084234833717346,0.45708104968070984,bad
0.5276316404342651,0.4914673864841461,0.7715944647789001,0.880240797996521,0.32788822054862976,0.9266719818115234,0.6258426904678345,0.4051609933376312,0.39862778782844543,0.44607940316200256,bad
0.5201886296272278,0.47067973017692566,0.7640183568000793,0.8783848285675049,0.32210108637809753,0.9234763383865356,0.6157788634300232,0.3937390148639679,0.39255353808403015,0.43814370036125183,bad
0.5115419626235962,0.4590716063976288,0.7647467851638794,0.8783774971961975,0.3165474832057953,0.923477828502655,0.6085207462310791,0.3803041875362396,0.3860325217247009,0.42659515142440796,bad
0.5074880719184875,0.4489462077617645,0.7575465440750122,0.8771125674247742,0.3060603439807892,0.9212936758995056,0.6015812754631042,0.3704657256603241,0.38363221287727356,0.41359633207321167,bad
0.5050345063209534,0.4400324821472168,0.7515268325805664,0.877063512802124,0.2980266213417053,0.9156703948974609,0.5963987708091736,0.3668302893638611,0.3834898769855499,0.39624732732772827,bad
0.5005151629447937,0.43403160572052,0.7475084066390991,0.8771290183067322,0.29723817110061646,0.9147024154663086,0.5953652262687683,0.36293259263038635,0.3839912414550781,0.38927751779556274,bad
0.4980980455875397,0.43301713466644287,0.7434715032577515,0.8747039437294006,0.29675427079200745,0.9060385823249817,0.5941992402076721,0.3647962808609009,0.38545817136764526,0.3808356821537018,bad
0.49707499146461487,0.4332072138786316,0.7411466836929321,0.8696353435516357,0.29763156175613403,0.896852433681488,0.5952699184417725,0.36634063720703125,0.3869524300098419,0.3801265358924866,bad
0.497368186712265,0.43182796239852905,0.7351762652397156,0.8680095672607422,0.292747437953949,0.8962242007255554,0.594302237033844,0.3679880201816559,0.3879638612270355,0.3792415261268616,bad
0.4941287636756897,0.431307315826416,0.7334350347518921,0.8665444254875183,0.2911098897457123,0.8884539604187012,0.5905667543411255,0.3668330907821655,0.38829755783081055,0.3789551556110382,bad
0.49078813195228577,0.4323093295097351,0.7270339727401733,0.8534046411514282,0.29013222455978394,0.8859897255897522,0.5853569507598877,0.36701276898384094,0.3869979679584503,0.3794798254966736,bad
0.48663130402565,0.4325568377971649,0.7289174795150757,0.8370733261108398,0.2912302315235138,0.8891812562942505,0.5808166861534119,0.3648145794868469,0.38601192831993103,0.3808732330799103,bad
0.4841131269931793,0.43319690227508545,0.72874915599823,0.8213116526603699,0.29352232813835144,0.8911002278327942,0.576119065284729,0.36194533109664917,0.38400280475616455,0.38369056582450867,bad
0.4780425727367401,0.43175381422042847,0.7292085886001587,0.8138550519943237,0.29395487904548645,0.8941935300827026,0.5705710649490356,0.35788553953170776,0.37707120180130005,0.38507118821144104,bad
0.47602978348731995,0.4315831959247589,0.7301344275474548,0.8072614073753357,0.295621782541275,0.9026304483413696,0.564277708530426,0.35640034079551697,0.37539392709732056,0.3968587815761566,bad
0.47314760088920593,0.4312988519668579,0.7312881350517273,0.8065837621688843,0.29724356532096863,0.9172413945198059,0.5622788667678833,0.3554564416408539,0.3744193911552429,0.40345242619514465,bad
0.4717090427875519,0.4316185414791107,0.7318953275680542,0.8079808354377747,0.2970642149448395,0.9229288697242737,0.5621657967567444,0.3549814820289612,0.3733272850513458,0.4034005105495453,bad
0.47194746136665344,0.4312063753604889,0.7323276996612549,0.8142338395118713,0.29628127813339233,0.9204092621803284,0.5633240342140198,0.3552446961402893,0.3737556040287018,0.4013298451900482,bad
0.4781661331653595,0.4268474578857422,0.7331052422523499,0.8343692421913147,0.2949139177799225,0.9201857447624207,0.574639081954956,0.3553752899169922,0.3809976875782013,0.39113861322402954,bad
0.4952596426010132,0.42644399404525757,0.7333956360816956,0.8564128279685974,0.29063937067985535,0.9173216223716736,0.5945021510124207,0.3666325807571411,0.3990577161312103,0.3825496733188629,bad
0.517309308052063,0.4265401065349579,0.7267991304397583,0.8640896081924438,0.2909508943557739,0.8757337331771851,0.6176595687866211,0.38088762760162354,0.42146578431129456,0.3718373775482178,bad
0.5353997349739075,0.42677170038223267,0.7240325212478638,0.8812276124954224,0.2912367284297943,0.8668180704116821,0.6333198547363281,0.3937967121601105,0.4360685646533966,0.37116673588752747,bad
0.5477678179740906,0.43677961826324463,0.7157691121101379,0.8878602385520935,0.2911061644554138,0.8558327555656433,0.6429203748703003,0.40830883383750916,0.4521079659461975,0.3719789683818817,bad
0.5555362701416016,0.44933387637138367,0.7136125564575195,0.890875518321991,0.2912074625492096,0.8502018451690674,0.6500904560089111,0.4203251600265503,0.46250811219215393,0.3676161766052246,bad
0.5580979585647583,0.4576244354248047,0.7125371098518372,0.8927906155586243,0.29225972294807434,0.8443087339401245,0.6529901623725891,0.42915406823158264,0.4635619521141052,0.36804768443107605,bad
0.5562458634376526,0.45845770835876465,0.7144120931625366,0.8964208960533142,0.29697754979133606,0.8439046144485474,0.6552128195762634,0.42828428745269775,0.4634343981742859,0.3685157895088196,bad
0.5550773739814758,0.45884039998054504,0.7154016494750977,0.8966053128242493,0.3016101121902466,0.844243049621582,0.6544962525367737,0.4262676239013672,0.4633074104785919,0.37224632501602173,bad
0.5550842881202698,0.45981118083000183,0.7180792093276978,0.8961265087127686,0.3067977726459503,0.8452638983726501,0.6546208262443542,0.42479535937309265,0.4617127776145935,0.3728826344013214,bad
0.5544241070747375,0.45978882908821106,0.7212417125701904,0.8958789110183716,0.3109869360923767,0.8438660502433777,0.653273344039917,0.4236178398132324,0.4607909917831421,0.3762750029563904,bad
0.5532619953155518,0.45929962396621704,0.7230594158172607,0.8957352042198181,0.3130567967891693,0.8423646688461304,0.6523596048355103,0.42308148741722107,0.45902830362319946,0.376338928937912,bad
0.5525667667388916,0.45910170674324036,0.7249999642372131,0.8960651755332947,0.3134191632270813,0.8422970175743103,0.651379406452179,0.42295515537261963,0.4578615725040436,0.37680935859680176,bad
0.5519346594810486,0.4599721133708954,0.7275357842445374,0.8972355723381042,0.3137766420841217,0.8418704271316528,0.6511898636817932,0.42222633957862854,0.4569973945617676,0.3769945204257965,bad
0.5516083836555481,0.4606282114982605,0.7300624847412109,0.8972517251968384,0.31565073132514954,0.8421149849891663,0.6514540910720825,0.4218120276927948,0.45635250210762024,0.37897053360939026,bad
0.5527674555778503,0.4653775990009308,0.7331952452659607,0.8973740339279175,0.3158232271671295,0.8427108526229858,0.6529564261436462,0.42138439416885376,0.45587509870529175,0.3858703374862671,bad
0.5542261600494385,0.46908801794052124,0.7375494837760925,0.8972635269165039,0.315669983625412,0.8472004532814026,0.653852641582489,0.42052143812179565,0.4555644094944,0.38651227951049805,bad
0.5542396306991577,0.4695177972316742,0.7425643801689148,0.8978304266929626,0.3155680298805237,0.8488606214523315,0.654446542263031,0.42009249329566956,0.4554586112499237,0.38650625944137573,bad
0.5540622472763062,0.4714306890964508,0.7437988519668579,0.8977829813957214,0.3155249357223511,0.8489472270011902,0.6544662714004517,0.4199175238609314,0.4551667273044586,0.3866721987724304,bad
0.5539599657058716,0.47414153814315796,0.7438344955444336,0.8965832591056824,0.31424763798713684,0.8504339456558228,0.6544148921966553,0.41964486241340637,0.454444944858551,0.3886147141456604,bad
0.5535500645637512,0.4844151735305786,0.7424116134643555,0.8938493728637695,0.3147255778312683,0.8499757051467896,0.6542766094207764,0.4208846092224121,0.45347487926483154,0.3944617211818695,bad
0.5527852773666382,0.4920264482498169,0.743236780166626,0.8896901607513428,0.3156646192073822,0.8498818874359131,0.6549006104469299,0.4206796884536743,0.4517265260219574,0.4008946418762207,bad
0.5497540235519409,0.49862733483314514,0.7431977391242981,0.8873308300971985,0.31563493609428406,0.850465714931488,0.65484219789505,0.42211824655532837,0.44817087054252625,0.4060116112232208,bad
0.5496912598609924,0.49983492493629456,0.7417658567428589,0.8861405253410339,0.3131933808326721,0.8525701761245728,0.65594083070755,0.4230178892612457,0.44575613737106323,0.40742358565330505,bad
0.5495587587356567,0.5190169811248779,0.7416306734085083,0.8851652145385742,0.31037527322769165,0.8527283072471619,0.657247006893158,0.4271041452884674,0.44457730650901794,0.4122197926044464,bad
0.550670325756073,0.5271936655044556,0.7417265176773071,0.885172963142395,0.3094492554664612,0.8544822931289673,0.6581302285194397,0.4331899583339691,0.44458094239234924,0.41624128818511963,bad
0.5529513955116272,0.5315849184989929,0.7420065402984619,0.8852680921554565,0.3048972189426422,0.8557044267654419,0.6622074842453003,0.4439578950405121,0.4441653788089752,0.4193330407142639,bad
0.5558107495307922,0.5484145283699036,0.7455052733421326,0.8883379697799683,0.3029630780220032,0.8590071797370911,0.666639506816864,0.4494779407978058,0.44261130690574646,0.42568185925483704,bad
0.5590470433235168,0.5620207190513611,0.7486012578010559,0.89046311378479,0.30042821168899536,0.8620452880859375,0.6737979054450989,0.4570455253124237,0.4419091045856476,0.43045613169670105,bad
0.5607259273529053,0.5868488550186157,0.7498455047607422,0.8909496068954468,0.29920291900634766,0.8647258877754211,0.6779060363769531,0.48231077194213867,0.44166019558906555,0.4399000406265259,bad
0.5649594664573669,0.6134090423583984,0.7504374980926514,0.8910988569259644,0.29931867122650146,0.8664320707321167,0.6817797422409058,0.49390003085136414,0.4415023922920227,0.4585876166820526,bad
0.568487823009491,0.627005398273468,0.7517663240432739,0.8917794227600098,0.29863131046295166,0.8757901191711426,0.6849051117897034,0.5028700828552246,0.4413772523403168,0.46870991587638855,bad
0.5717941522598267,0.632610559463501,0.751683235168457,0.8919981122016907,0.29424411058425903,0.8813316226005554,0.6884758472442627,0.5064430832862854,0.44126880168914795,0.4692092537879944,bad
0.5746639370918274,0.6296882629394531,0.7518478631973267,0.8942080736160278,0.29050588607788086,0.8847285509109497,0.691750168800354,0.5046111345291138,0.44064632058143616,0.47050005197525024,bad
0.5765746235847473,0.6265373229980469,0.7520796656608582,0.8955913186073303,0.2877834737300873,0.8905844688415527,0.6929000616073608,0.5060458779335022,0.44049569964408875,0.4691721498966217,bad
0.582903265953064,0.6413190960884094,0.752009928226471,0.8964741230010986,0.2880552411079407,0.894123911857605,0.692158579826355,0.5169338583946228,0.44232413172721863,0.4768408238887787,bad
0.5885094404220581,0.6464962363243103,0.7520588040351868,0.8978076577186584,0.2884043753147125,0.8962389230728149,0.6929771304130554,0.5208925008773804,0.4457867443561554,0.4804488718509674,bad
0.5953899025917053,0.6456682682037354,0.7520387172698975,0.898033618927002,0.2887125611305237,0.8976137042045593,0.6944771409034729,0.521210253238678,0.4496588110923767,0.48019489645957947,bad
0.6006425619125366,0.64357990026474,0.7521803975105286,0.8985432982444763,0.28889670968055725,0.9007536172866821,0.6962528228759766,0.5196900367736816,0.45341795682907104,0.4793688654899597,bad
0.6032488942146301,0.6428937911987305,0.7524519562721252,0.899016797542572,0.289649099111557,0.901789665222168,0.6972748637199402,0.51911461353302,0.4565314054489136,0.47884243726730347,bad
0.6024057865142822,0.6458252668380737,0.7524757385253906,0.8994178771972656,0.2893531918525696,0.9050530195236206,0.6970431208610535,0.5195448994636536,0.45619502663612366,0.4780248701572418,bad
0.5981953740119934,0.6447206139564514,0.7529793977737427,0.899491012096405,0.28994545340538025,0.9050952792167664,0.6955942511558533,0.5193221569061279,0.4554979205131531,0.47756314277648926,bad
0.5941425561904907,0.647686243057251,0.7511918544769287,0.8994669318199158,0.30498984456062317,0.9085891842842102,0.6899908781051636,0.5188679099082947,0.45413222908973694,0.4799754321575165,bad
0.5811424851417542,0.6462603211402893,0.7489698529243469,0.8980550169944763,0.3186712861061096,0.8774073123931885,0.6880314946174622,0.5066536664962769,0.4477039575576782,0.481381893157959,bad
0.5679208636283875,0.6450625658035278,0.7482425570487976,0.8963525891304016,0.31956738233566284,0.8449599742889404,0.6798620223999023,0.4991592466831207,0.44094744324684143,0.48127299547195435,bad
0.5557677745819092,0.6401848793029785,0.7462517023086548,0.8942821025848389,0.32203924655914307,0.8390829563140869,0.668279230594635,0.48878857493400574,0.4387787878513336,0.4825977385044098,bad
0.5504154562950134,0.633903980255127,0.7458103895187378,0.8940496444702148,0.32375726103782654,0.8414345979690552,0.6620704531669617,0.48085758090019226,0.436968594789505,0.4847029447555542,bad
0.5466201901435852,0.6257106065750122,0.7449579238891602,0.8935443162918091,0.32447677850723267,0.8448083400726318,0.6576191186904907,0.4704308807849884,0.43530192971229553,0.4846343994140625,bad
0.5405275821685791,0.6161143779754639,0.7401974201202393,0.8935017585754395,0.3235451877117157,0.8373167514801025,0.6524947285652161,0.46944552659988403,0.43185606598854065,0.48279446363449097,bad
0.5393145680427551,0.608695924282074,0.7383149266242981,0.8923788666725159,0.3234001696109772,0.8398316502571106,0.6463922262191772,0.46806901693344116,0.43121686577796936,0.48270606994628906,bad
0.541477382183075,0.5885804295539856,0.7415834069252014,0.892432451248169,0.32378441095352173,0.866468071937561,0.647006630897522,0.4639469087123871,0.43137088418006897,0.48165881633758545,bad
0.5425736904144287,0.5692541599273682,0.743314802646637,0.8923237919807434,0.32530084252357483,0.8724862933158875,0.6485963463783264,0.4566148519515991,0.43419507145881653,0.4762130677700043,bad
0.5453112125396729,0.558350682258606,0.7483116984367371,0.8923207521438599,0.3325755298137665,0.87510085105896,0.6518195867538452,0.45529648661613464,0.4389064908027649,0.46742069721221924,bad
0.548184335231781,0.5443038940429688,0.757340133190155,0.8937884569168091,0.33807796239852905,0.8796840310096741,0.6561241149902344,0.4501875638961792,0.4452357292175293,0.4566039443016052,bad
0.5509650111198425,0.5310006737709045,0.7608403563499451,0.8962597846984863,0.34705692529678345,0.8817707896232605,0.660534679889679,0.44502130150794983,0.4495028555393219,0.4498872756958008,bad
0.5532782077789307,0.5117031931877136,0.7624285221099854,0.8981618285179138,0.34783318638801575,0.886350154876709,0.6648942828178406,0.4355984926223755,0.4521920382976532,0.43833374977111816,bad
0.5533962845802307,0.49219122529029846,0.7634153366088867,0.8986457586288452,0.3492491543292999,0.8881863355636597,0.6646607518196106,0.42798560857772827,0.45454367995262146,0.43194541335105896,bad
0.5539270043373108,0.4979861080646515,0.7640327215194702,0.8999133110046387,0.3487267792224884,0.8903017044067383,0.6646010279655457,0.42686542868614197,0.4555899202823639,0.4321112036705017,bad
0.5514697432518005,0.4972025454044342,0.7637129426002502,0.899996817111969,0.34900227189064026,0.8902060985565186,0.6608418226242065,0.4256209135055542,0.45526376366615295,0.43318524956703186,bad
0.5387016534805298,0.5007882118225098,0.7618560791015625,0.9000507593154907,0.34490135312080383,0.8897625803947449,0.6513083577156067,0.42500433325767517,0.45208731293678284,0.4333610534667969,bad
0.524407684803009,0.5103088021278381,0.754011332988739,0.8992604613304138,0.3447211980819702,0.8912228345870972,0.6386644244194031,0.4257776439189911,0.44570931792259216,0.43465614318847656,bad
0.5158454179763794,0.5431140661239624,0.7461573481559753,0.8990308046340942,0.3446609079837799,0.8828431963920593,0.6293103098869324,0.4289860427379608,0.43297964334487915,0.44325974583625793,bad
0.5009186267852783,0.5608362555503845,0.7391421794891357,0.8990107774734497,0.33682429790496826,0.8663495182991028,0.6213892698287964,0.4394078254699707,0.41816529631614685,0.4488444924354553,bad
0.4972516596317291,0.5877398252487183,0.7342734932899475,0.894371747970581,0.3335389196872711,0.8507776856422424,0.6153865456581116,0.4445550739765167,0.4033867418766022,0.4626401960849762,bad
0.48896902799606323,0.5912614464759827,0.7344310283660889,0.8939763903617859,0.3314630091190338,0.8509854078292847,0.608664870262146,0.4508402645587921,0.3930663764476776,0.47473403811454773,bad
0.486856609582901,0.5907854437828064,0.7290852665901184,0.8918197154998779,0.31659403443336487,0.85196453332901,0.6047428250312805,0.45243075489997864,0.3805055022239685,0.4757685363292694,bad
0.48639819025993347,0.5972714424133301,0.7297623157501221,0.8918202519416809,0.3052999675273895,0.8583467602729797,0.6042928695678711,0.45680081844329834,0.3730675280094147,0.48754945397377014,bad
0.4834076762199402,0.6100493669509888,0.7303504347801208,0.8918879628181458,0.30074578523635864,0.8813040256500244,0.6011630892753601,0.4635380208492279,0.36800989508628845,0.49411746859550476,bad
0.48046639561653137,0.6339930295944214,0.7307816743850708,0.8919528126716614,0.3017796277999878,0.8900642991065979,0.5975300669670105,0.47347894310951233,0.36166122555732727,0.5089418888092041,bad
0.4741705060005188,0.6520179510116577,0.7305374145507812,0.8914364576339722,0.30355292558670044,0.8918931484222412,0.5877993106842041,0.48441365361213684,0.3551281988620758,0.5352000594139099,bad
0.4589064419269562,0.6903027296066284,0.7292235493659973,0.8912124037742615,0.3046841323375702,0.8915581107139587,0.5820827484130859,0.5040521621704102,0.34774598479270935,0.5491713285446167,bad
0.4620409607887268,0.6984108686447144,0.7275739908218384,0.8903875350952148,0.3052869439125061,0.8914825916290283,0.5816821455955505,0.5104935765266418,0.3466320037841797,0.556355357170105,bad
0.46463388204574585,0.6904740333557129,0.7261844873428345,0.8888701796531677,0.3053649067878723,0.8915138840675354,0.5786010026931763,0.5073328018188477,0.34867969155311584,0.557096540927887,bad
0.46089833974838257,0.6756063103675842,0.7266420125961304,0.8878727555274963,0.3060084581375122,0.8923560380935669,0.5769890546798706,0.502718985080719,0.34856924414634705,0.5534562468528748,bad
0.46067482233047485,0.6504125595092773,0.7291441559791565,0.8878845572471619,0.3064713180065155,0.897454023361206,0.5784460306167603,0.49741899967193604,0.35078001022338867,0.5431777834892273,bad
